node_id,lat,lon,alt
ESCAT0800000008328A,41.50639,2.2783327,279.78516
ESCAT0800000008328B,41.49694,2.2952778,118.65234
ESCAT0800000008350A,41.592773,2.5649998,84.47266
ESCAT0800000008913B,41.439995,2.2174997,60.058594
ESCAT0800000008913C,41.46,2.2180557,44.921875
ESCAT0800000008912B,41.445004,2.243333,24.902344
ESCAT0800000008695A,42.257774,1.8602779,865.72266
ESCAT0800000008018D,41.40055,2.1936104,11.71875
ESCAT0800000008014C,41.384163,2.1330557,61.523438
ESCAT0800000008035A,41.42083,2.1175,279.78516
ESCAT0800000008024A,41.410557,2.1633327,94.72656
ESCAT0800000008041B,41.41972,2.1724997,125.97656
ESCAT0800000008014F,41.37111,2.1374998,25.878906
ESCAT0800000008023I,41.4125,2.139167,160.15625
ESCAT0800000008600A,42.099163,1.846111,684.08203
ESCAT0800000008349A,41.509167,2.401667,8.7890625
ESCAT0800000008370A,41.614166,2.6647217,6.8359375
ESCAT0800000008506A,41.9275,2.285556,487.79297
ESCAT0800000008360C,41.586945,2.5772219,42.48047
ESCAT0800000008360D,41.590275,2.5769439,43.45703
ESCAT0800000008440C,41.63694,2.3580558,199.70703
ESCAT0800000008261B,41.921112,1.6830559,421.38672
ESCAT0800000008860B,41.265274,1.9561108,1.953125
ESCAT0800000008290B,41.490273,2.1369438,110.35156
ESCAT0800000008850A,41.306107,1.995,44.921875
ESCAT0800000008480A,41.69916,2.2436109,646.97266
ESCAT0800000008901E,41.363605,2.1113884,50.29297
ESCAT0800000008243A,41.720276,1.8394439,251.46484
ESCAT0800000008230B,41.59944,2.0280557,425.78125
ESCAT0800000008304A,41.553055,2.448056,104.98047
ESCAT0800000008100D,41.53472,2.183333,74.70703
ESCAT0800000008100C,41.53472,2.2163887,65.42969
ESCAT0800000008460A,41.77,2.390833,709.96094
ESCAT0800000008640A,41.540558,1.8955559,109.86328
ESCAT0800000008397A,41.62222,2.6705558,50.29297
ESCAT0800000008510B,41.98394,2.3106,472.16797
ESCAT0800000008206C,41.56028,2.0802782,228.02734
ESCAT0800000008202B,41.547222,2.114444,189.45312
ESCAT0800000008650B,41.826664,1.8997219,335.9375
ESCAT0800000008830C,41.35,2.027778,49.316406
ESCAT0800000008470A,41.68333,2.480556,149.90234
ESCAT0800000008195A,41.4725,2.0441668,110.35156
ESCAT0800000008105C,41.50444,2.2505558,299.8047
ESCAT0800000008777B,41.45889,1.6711109,299.8047
ESCAT0800000008394B,41.58194,2.510278,200.19531
ESCAT0800000008553A,41.840275,2.281111,669.9219
ESCAT0800000008759A,41.387783,1.926389,310.0586
ESCAT0800000008232A,41.559723,1.9555557,289.55078
ESPVA1200000012580A,40.418884,0.42611098,15.136719
ESPVA1200000012513D,40.471935,0.021667,661.1328
ESPVA1200000012340A,40.51194,0.25,305.17578
ESCAT0800000008182A,41.68444,2.163333,490.23438
ESCAT1700000017141B,42.07888,3.0997217,33.203125
ESCAT1700000017251D,41.844166,3.0683327,119.62891
ESCAT1700000017482A,42.0475,2.8636107,51.757812
ESCAT1700000017800A,42.185547,2.4694438,452.14844
ESCAT1700000017230E,41.84444,3.1299999,17.089844
ESCAT1700000017230D,41.856384,3.1380556,20.019531
ESCAT1700000017220B,41.789444,3.028889,57.128906
ESCAT1700000017174A,42.078606,2.506389,487.79297
ESCAT1700000017142C,42.06028,3.045833,26.855469
ESARA2200000022583A,42.35166,0.71638894,1068.3594
ESCAT2500000025180A,41.56416,0.52805597,137.20703
ESCAT2500000025793A,42.174717,1.318889,575.1953
ESCAT2500000025518A,42.224995,0.9902779,649.90234
ESCAT2500000025595A,42.496387,1.273889,1383.3008
ESCAT2500000025400A,41.515274,0.87555593,309.5703
ESCAT2500000025597A,42.59667,0.98472196,2379.8828
ESCAT2500000025720A,42.342495,1.774722,1229.9805
ESCAT4300000043393E,41.196945,1.0969439,348.14453
ESCAT4300000043393C,41.190834,1.108611,347.65625
ESCAT4300000043719A,41.238605,1.578611,106.44531
ESCAT4300000043364E,41.295273,1.0261109,771.4844
ESCAT4300000043890A,40.992496,0.92277795,42.48047
ESCAT4300000043479A,41.251102,1.088611,811.03516
ESCAT4300000043774A,41.156662,0.8755559,462.40234
ESCAT4300000043364C,41.326107,1.0041668,1202.6367
ESCAT4300000043816B,41.421104,1.3958329,560.0586
ESCAT4300000043520A,40.820274,0.500278,9.765625
ESCAT4300000043005B,41.112217,1.2394439,20.019531
ESCAT4300000043550A,40.621662,0.40027794,175.29297
ESCAT4300000043559A,40.607773,0.380833,205.07812
ESCAT4300000043439A,41.34833,0.95916694,886.23047
ESCAT4300000043380A,41.255554,1.0319439,979.98047
ESCAT4300000043560A,40.65472,0.295278,369.6289
ESCAT4300000043201B,41.156105,1.109722,143.0664
ESCAT4300000043800A,41.299442,1.2663889,227.05078
ESCAT0800000008750B,41.414715,2.019444,49.316406
ESCAT0800000008504A,41.926662,2.3177783,576.1719
ESCAT0800000008392B,41.576107,2.4763887,150.39062
ESCAT1700000017240B,41.820274,2.8905559,142.57812
ESCAT2500000025600B,41.79472,0.81166697,232.91016
ESCAT4300000043415A,41.337776,1.111111,986.3281
ESCAT2500000025284D,42.15965,1.5672199,2002.9297
ESCAT0800000008260A,41.831665,1.7508329,286.1328
ESCAT0800000008230C,41.603054,2.027778,515.1367
ESCAT0800000008740D,41.451942,1.9624997,85.44922
ESCAT0800000008776A,41.453327,1.705556,245.60547
ESCAT1700000017466A,42.106663,3.0202777,87.890625
ESCAT2500000025460B,41.424168,0.86166686,444.33594
ESCAT2500000025284E,42.17277,1.5611107,1748.0469
ESCAT4300000043450B,41.315834,1.1747221,334.96094
ESCAT4300000043470A,41.211105,1.132222,270.01953
ESCAT4300000043400B,41.373608,1.1633329,348.14453
ESCAT2500000025568B,42.42972,1.115,1099.6094
ESCAT1700000017730C,42.294724,2.9124997,137.20703
ESARA4400000044621A,41.050278,0.10027799,381.83594
ESCAT0800000008192A,41.530277,2.0677779,229.49219
00MP,42.50305,0.7983329,1085.9375
01MP,42.56055,0.84055597,1452.6367
06MP,42.28333,2.0200002,1381.8359
10MP,42.20833,2.452778,362.3047
11MP,42.180553,2.513889,659.66797
14MP,42.730553,-0.008332999,1370.1172
15MP,42.510555,0.99694407,2163.086
16MP,42.473602,0.99055594,1441.8945
17MP,42.62972,1.1177781,953.125
18MP,42.41472,1.1180559,711.4258
19MP,42.617504,1.079444,1540.0391
20MP,42.368053,1.191667,1299.8047
21MP,42.42222,1.2111108,1985.3516
22MP,42.382217,1.0186108,1451.1719
25MP,42.544445,1.8333328,1625.0
26MP,42.477776,2.3055558,1569.8242
30MP,42.72,0.91499996,1439.9414
33MP,42.548607,1.318056,1055.1758
36MP,42.31944,2.311111,1240.2344
38MP,42.25833,2.419444,677.7344
39MP,42.44833,1.1055558,970.7031
40MP,42.645832,1.2597219,1122.5586
43MP,42.758327,0.9944439,1648.4375
44MP,42.417496,1.2869439,1720.7031
46MP,42.677773,1.2213888,1720.2148
47MP,42.708893,1.1072218,1374.5117
D8,40.953194,0.30669597,515.1367
CR,42.082165,1.9635051,872.5586
CY,41.879967,2.1798327,815.91797
DC,42.193283,2.4837499,421.38672
CJ,42.218086,1.3324,565.91797
CC,42.075825,2.209726,625.97656
XG,41.569187,2.2272897,123.046875
X5,40.798904,0.31926394,1055.1758
D4,42.27249,3.1827838,23.925781
XF,41.567528,2.070624,257.8125
CI,42.260227,2.3654048,852.53906
CL,41.67583,1.7690498,349.1211
XT,41.989506,1.51274,690.4297
XE,41.10578,1.2020699,4.8828125
XD,41.321854,0.886766,686.52344
CU,42.70041,0.7950399,1001.9531
CQ,41.997307,1.0267639,593.75
DQ,41.309128,1.363673,286.6211
D7,41.18684,0.594819,53.710938
Y9,41.31723,2.1309102,3.90625
smartyplanet4001,42.701374,0.796981,1001.9531
amitges,42.598347,0.9821249,2380.371
casacota,42.496456,1.273773,1389.6484
cepp,42.159164,1.565557,2002.9297
masquatrevents,42.247112,2.930097,53.710938
eb3vp,41.962982,2.7373056,102.53906
ellado,41.8489,3.1231537,2.9296875
protcivillloret,41.70274,2.8464508,4.8828125
portimar,41.58452,2.5605505,40.039062
meteoarenys,41.600216,2.4999115,350.09766
fcojose,41.554752,1.9522289,273.4375
papiol,41.43732,2.0173218,134.76562
meteolh,41.369423,2.1242008,50.29297
escolagarbiespl,41.379326,2.0966878,109.86328
meteollunas,41.36588,2.0873387,80.078125
enric,41.431904,1.7857709,162.10938
enricbadia,41.81987,1.4644297,649.90234
cooperativaivars,41.680046,0.98557204,264.64844
cmtorredembarra,41.14563,1.4162098,1.953125
cmaltafulla,41.13351,1.37368,1.4648438
smarcosg,41.069073,1.051615,15.136719
jbarcelo,40.82049,0.500003,13.671875
EM76,41.941887,1.1952854,436.03516
EM52,41.883247,0.57829255,379.8828
EM23,41.138096,0.0043731374,255.3711
ESPVA0300000003802C,38.698326,-0.49833298,562.9883
ESPVA0300000003802D,38.753326,-0.37916696,564.9414
ESPVA0300000003700D,38.841663,0.10055599,14.160156
ESPVA0300000003293A,38.229443,-0.71499985,49.316406
ESPVA0300000003295A,38.254723,-0.646111,55.664062
ESPVA0300000003600A,38.47278,-0.7874999,411.1328
ESPVA0300000003440D,38.629997,-0.5825,710.4492
ESPVA0300000003110B,38.44166,-0.46999997,153.8086
ESPVA0300000003660E,38.383327,-0.7658331,237.79297
ESPVA0300000003430A,38.615833,-0.6575001,665.03906
ESPVA0300000003792B,38.738335,-0.068056,277.83203
ESPVA0300000003780A,38.846107,-0.110278,55.17578
ESPVA0300000003726A,38.728607,0.135,163.57422
ESPVA0300000003690B,38.39444,-0.518333,108.39844
ESPVA0300000003181B,37.979996,-0.688889,9.765625
ESPVA0300000003181D,37.998333,-0.664722,20.019531
ESPVA0300000003181A,37.97611,-0.6825,15.136719
ESPVA0300000003181C,37.953888,-0.73249996,49.316406
ESPVA0300000003730B,38.792774,0.18027799,15.136719
ESPVA0300000003730D,38.783607,0.16611099,20.507812
ESPVA0300000003730F,38.729996,0.19611096,9.765625
ESPVA1200000012450A,39.91,-0.53277797,435.0586
ESPVA4600000046890A,38.829994,-0.545278,434.08203
ESPVA4600000046132A,39.515556,-0.34749997,10.7421875
ESPVA4600000046758A,39.00444,-0.28999996,378.90625
ESPVA4600000046117A,39.582214,-0.4938889,150.39062
ESPVA4600000046240B,39.22583,-0.521944,50.29297
ESPVA4600000046950A,39.464714,-0.427222,44.921875
ESPVA4600000046635A,38.778885,-0.7958329,626.9531
ESPVA4600000046635B,38.784447,-0.78527796,634.7656
ESPVA4600000046388A,39.425,-0.684444,259.76562
ESPVA4600000046613A,39.147778,-0.329722,14.160156
ESPVA4600000046940A,39.49333,-0.46555597,69.82422
ESPVA4600000046192A,39.381386,-0.54333293,225.09766
ESPVA4600000046870B,38.817223,-0.60638905,370.1172
ESPVA4600000046870D,38.848057,-0.609444,375.0
ESPVA4600000046844A,38.85333,-0.4449999,334.96094
ESPVA4600000046295A,39.095272,-0.62888896,69.82422
ESPVA4600000046021B,39.473057,-0.35416695,40.039062
ESPVA4600000046018D,39.47111,-0.40083295,49.804688
ESPVA4600000046800B,38.988888,-0.524722,128.41797
ESPVA0300000003113A,38.349445,-0.641667,194.82422
ESPVA0300000003837B,38.781113,-0.51999986,701.1719
ESPVA4600000046175A,39.725548,-0.9713888,359.86328
ESPVA4600000046370A,39.477776,-0.72111094,292.48047
ESPVA4600000046700B,39.980274,-0.169167,23.925781
ESIBA0700000107190A,39.66944,2.5791667,198.24219
ESIBA0700000107200A,39.46917,3.1513884,129.88281
ESIBA0700000107141C,39.59388,2.7069438,35.15625
ESIBA0700000107141D,39.604168,2.739444,55.17578
ESIBA0700000107007A,39.554443,2.6913888,10.7421875
ESIBA0700000107460A,39.880276,3.0155556,83.00781
ESIBA0700000107670B,39.416107,3.2472217,36.132812
ESIBA0700000107691B,39.38972,3.149444,205.07812
ESIBA0700000107240B,39.596386,3.0458329,120.11719
ESIBA0700000107200B,39.45528,3.1855555,509.76562
ESIBA0700000107650A,39.355556,3.1302776,70.3125
ESIBA0700000107540A,39.584164,3.3216667,50.78125
ESIBA0700000207829A,38.95833,1.2788887,12.6953125
ESIBA0700000207800A,38.907223,1.413056,26.367188
ESIBA0700000207820A,38.98583,1.2999997,35.15625
ESIBA0700000307760A,40.002216,3.840833,16.113281
ESIBA0700000307712B,39.871384,4.2077775,90.82031
ESIBA0700000307710A,39.850273,4.256667,60.058594
vilafranca,40.427197,-0.25780898,1125.0
marinareal,39.461655,-0.307791,2.9296875
federico,39.65229,-0.307478,69.82422
meteovallplaya,39.08791,-0.21539298,1.953125
runahue,38.220978,-0.51584786,109.86328
tinin30,39.54591,2.3828187,1.953125
hgroth,39.51346,2.6364698,0.9765625
llucmajor2,39.52016,2.8286679,169.92188
campacity,39.7754,2.9652767,131.83594
stamargalida2,39.734154,3.1443596,77.14844
manacor4,39.547718,3.2122498,130.3711
ESCAT0800000008476A,41.718052,2.547778,97.16797
ESCAT0800000008330B,41.492218,2.3661108,12.207031
ESCAT1700000017486C,42.247776,3.0691667,9.277344
ESCAT1700000017486B,42.258606,3.0761106,8.7890625
ESCAT1700000017600B,42.269444,2.961111,65.42969
ESCAT2500000025597B,42.54583,1.0441668,2349.6094
ESCAT4300000043530B,40.562496,0.45833293,83.49609
ESCAT4300000043740A,41.083614,0.635833,49.316406
ESCAT2500000025591A,42.315838,1.051111,868.16406
02MP,42.369442,0.8166669,1250.0
41MP,42.623325,2.080556,1529.7852
X3,41.744656,0.53686094,370.1172
UU,40.70961,0.6331539,2.9296875
DN,41.96279,2.6322,149.90234
WU,41.453995,2.248678,41.992188
DJ,42.11837,2.790815,175.29297
X4,41.38574,2.168852,33.203125
D5,41.420273,2.124985,410.64453
X8,41.38104,2.1064959,79.10156
UP,41.51957,2.378123,81.05469
X9,41.614494,2.1694615,176.26953
XC,41.480766,1.9765589,146.97266
DO,41.810413,3.0335398,14.160156
C6,41.658443,0.95278895,264.16016
MR,41.25079,0.9105999,499.51172
C8,41.677395,1.2971668,554.1992
VQ,41.173145,1.1688179,111.328125
WZ,41.20372,1.634544,17.089844
DP,42.3879,1.8674959,1097.168
DB,40.87472,0.71687186,179.19922
CT,42.399956,0.744685,823.2422
R1,41.70822,1.8738569,210.44922
D9,41.21738,1.5222929,59.08203
UW,40.629105,0.660273,0.0
CE,41.532944,1.8092229,315.91797
X1,41.155594,0.82058895,358.39844
DI,41.43477,1.624949,415.03906
XJ,41.98407,2.8079867,72.265625
WV,42.23599,1.8759489,788.08594
DL,40.709038,0.835553,0.0
CW,41.394253,1.100007,445.80078
DF,41.979343,3.0365617,27.34375
XA,41.604424,1.4017849,785.15625
CV,42.24124,0.96541494,512.6953
CD,42.372677,1.433858,849.1211
WT,41.64891,2.7576947,1.953125
D1,41.287067,0.75488794,403.8086
C9,40.7201,0.40093195,240.23438
CG,42.379013,2.4156778,1404.2969
H1,41.58826,1.654149,332.51953
D6,42.436985,3.1673577,195.80078
U2,42.179,3.0979347,3.90625
CP,42.14109,1.0400078,689.9414
C7,41.668797,1.163413,426.7578
DK,41.148613,1.4195437,1.953125
D3,41.38382,1.9367359,251.46484
WS,41.84192,2.419879,953.6133
J5,42.34215,2.8342295,158.6914
aranes,42.780216,0.690056,923.33984
trastitu,42.25058,3.1318917,4.8828125
pverhoeven,41.973434,3.2146578,20.019531
antonibn,41.536842,2.4408638,4.8828125
escolamestral,41.39351,2.0498002,79.58984
isantandreu,41.44086,2.180385,69.82422
ajesplugues,41.37929,2.0860589,119.62891
puigdevidre,41.350704,1.8434407,330.07812
portdesitges,41.234543,1.8259789,1.953125
jllovera,41.669636,0.817639,207.03125
ESPVA4600000046960A,39.475273,-0.45944402,53.710938
ESPVA4600000046380A,39.49194,-0.6836109,217.77344
hilarioxert,40.521587,0.15957999,530.27344
fontestad,39.601013,-0.36775395,39.55078
jumillahuerta,38.470016,-1.337872,560.0586
benidorm,38.30079,-0.5997049,89.84375
ocsi,39.57969,3.3384159,50.29297
ESCAT0800000008696A,42.245,1.9749999,873.0469
ESCAT0800000008571A,42.06139,2.2708328,561.03516
ESCAT0800000008233A,41.602497,1.9211107,424.8047
ESCAT1700000017538B,42.39833,1.9213889,1100.0977
salarducynp,42.706932,0.90203893,1270.0195
marco,42.68405,0.611736,1750.0
laluenga,42.00663,-0.047636993,479.4922
xaletrafart,42.176666,1.565279,1644.5312
instituteuropa,41.355843,2.1133168,55.664062
lloma,39.621593,-0.36826593,109.86328
vlp,38.689087,0.134661,9.765625
juande,39.43287,2.7557802,149.90234
ESCAT0800000008915A,41.451107,2.2436109,69.82422
XI,41.620014,0.87289196,247.07031
VK,41.685123,0.44975993,286.1328
Espunyola,42.052338,1.773028,804.1992
jjordana,41.539997,2.068228,205.07812
viaro,41.48446,2.0781639,124.02344
maspastoret,41.159058,1.4357579,4.8828125
calongeplatjatv,41.83878,3.094023,1.953125
ESPVA4600000046840B,38.908886,-0.41722196,243.65234
ESPVA4600000046900A,39.43361,-0.47694397,74.70703
interfibra01,38.63938,-0.8677979,504.8828
ESCAT0800000008784A,41.522217,1.749444,326.17188
ESCAT1700000017403B,41.879448,2.5127778,815.91797
amartin1111,42.30194,2.0982373,1338.8672
alexkst,42.234432,3.0761087,9.765625
torredenroca,41.833736,1.8763448,279.78516
cemontseny,41.41055,2.2110128,24.902344
meteositges,41.23632,1.8208287,9.765625
aridpides,38.04309,-1.092567,129.88281
ESCAT0800000008259A,41.743057,1.7127779,399.90234
ESCAT0800000008232B,41.549995,1.9522216,309.5703
ESCAT1700000017800B,42.187775,2.488333,467.77344
xserrato,42.54477,1.0452749,2350.0977
lles,42.401436,1.6982249,1279.2969
mostin,42.59472,0.53916997,1540.0391
ESPVA0300000003789A,38.805824,-0.15999997,394.04297
ESIBA0700000207816A,39.038334,1.3830559,180.17578
ESPVA1200000012500A,40.47694,0.47333294,13.671875
escolagarbibada,41.475433,2.252481,140.13672
ESPVA4600000046360A,39.417774,-0.79138887,365.72266
ESCAT2500000025527A,42.50472,0.8011109,1089.8438
jasusa,39.662617,-0.43130392,242.67578
anteva2,38.005608,-1.0287759,29.785156
ESCAT0800000008317A,41.555,2.3547218,259.76562
ESCAT0800000008460C,41.68806,2.440556,208.4961
ESIBA0700000107620A,39.488335,2.895,138.1836
meteocullera,39.162586,-0.24621198,2.9296875
ESCAT0800000008450A,41.642498,2.4058328,185.0586
ESCAT0800000008180A,41.81222,2.1019437,705.0781
linsolescynp,42.608578,0.5218,1140.1367
alcala2013,40.36013,-0.6980099,1410.6445
juanfrancisco,38.762897,0.14529799,49.804688
ESCAT0800000008160A,41.55833,2.249167,111.81641
ESCAT0800000008184A,41.57777,2.1855557,210.44922
ESCAT0800000008226A,41.5725,2.0213888,321.77734
ESCAT1700000017830A,42.1275,2.6397219,285.64453
48MP,42.72361,1.8897218,1083.0078
laspaulescynp,42.473698,0.5976129,1450.1953
meteoescorial,41.9008,2.300948,560.0586
ESPVA0300000003803A,38.715275,-0.49833292,553.22266
ESIBA0700000107340A,39.69722,2.7961109,200.19531
ESIBA0700000107430A,39.684998,3.0,77.14844
uteonda,40.000362,-0.20040897,191.89453
rosa,39.705425,3.3217268,189.9414
ESCAT1700000017534B,42.311108,2.177778,984.8633
ESCAT1700000017184A,41.908607,2.7433329,145.9961
ESCAT1700000017150A,41.99055,2.7597218,111.81641
comercialoli,42.245102,3.1150684,7.8125
moia,41.813976,2.0966787,716.7969
gabri,41.55005,1.9501052,299.3164
darrera,41.377747,2.086521,114.74609
meteouse32,41.338924,1.9951769,189.9414
baltasarsegu,41.281982,1.2467368,214.84375
puigcerda001,42.432304,1.92972,1199.707
meteoseklevante,39.43432,-0.561493,149.90234
gmartorell,39.704617,2.7900648,251.46484
majorica,39.57266,3.1879597,127.92969
curro,42.370155,1.779001,1061.5234
ESPVA0300000003300D,38.079998,-0.9461109,50.29297
lalfasdelpi,38.579586,-0.101809986,87.890625
ESCAT0800000008770A,41.431946,1.785556,190.91797
ESCAT4300000043206B,41.166393,1.106944,153.8086
peramea,42.312138,1.0546359,720.21484
ESIBA0700000107180A,39.527496,2.5044436,27.832031
meteovall,39.06982,-0.27101198,24.902344
setsaas,37.975178,-0.6805519,4.3945312
jbardajiz,42.029808,0.11857198,340.8203
lamoltonacat,42.30944,3.0173259,38.085938
devision,39.58796,-0.33765498,32.226562
mrcadaques,42.28699,3.2877347,15.625
ESPVA0300000003570A,38.524445,-0.22166699,68.84766
arta2,39.693275,3.3007848,189.9414
ESCAT1700000017490A,42.37805,3.1530554,28.320312
mir2009,41.486298,2.1874998,36.132812
saeas1,39.361294,-0.5440269,169.92188
07MP,42.34444,1.9583329,1405.2734
mondra,41.82096,2.5212984,370.1172
45MP,42.52111,1.306944,1679.6875
meteolleida,41.623417,0.6138579,154.29688
ESCAT0800000008012A,41.400547,2.1575,77.63672
ESCAT0800000008782A,41.48472,1.8361108,285.15625
09MP,42.227776,2.4544435,399.41406
ESCAT2500000025177A,41.353607,0.66833293,527.83203
santgervasi,41.542984,2.2035968,65.42969
31MP,42.81805,0.805556,1015.1367
losarenales,39.636337,-0.29685497,47.851562
navarcles,41.751842,1.9037789,269.04297
labclimaUA,38.39639,-0.52555597,108.88672
pmontanyanaafmet,42.10025,0.6994769,580.5664
24MP,42.680557,1.2333331,1377.4414
ESPVA4600000046870A,38.82611,-0.596944,339.35547
ESPVA0300000003450A,38.72472,-0.66555595,729.0039
ESCAT1700000017869C,42.340557,2.2744439,1333.4961
elcesar,39.635372,-0.297782,13.183594
montsua,41.69714,0.9822488,274.90234
ares01,40.50079,-0.103392996,970.7031
ESCAT0800000008458A,41.680836,2.4205558,282.71484
iesdesanful,38.11715,-0.71848494,7.8125
ESCAT1700000017130C,42.10278,3.110278,35.15625
ESARA2200000022520B,41.52611,0.346667,109.86328
sesuecynp,42.551083,0.47218102,1049.8047
ESIBA0700000107620C,39.48778,2.891944,133.78906
meteoampolla,40.799538,0.70004493,4.8828125
ESCAT0800000008191A,41.487778,2.037222,143.55469
acifalcoi,38.69952,-0.500573,790.52734
ESPVA4600000046650D,38.964718,-0.58583295,165.03906
ESCAT4300000043206A,41.140278,1.1333328,79.58984
cescmeteo,41.637325,1.854904,178.22266
ESCAT0800000008015A,41.383324,2.1536107,39.55078
23MP,42.481945,1.059444,1511.7188
inca1,39.71381,2.9333048,120.11719
ESCAT1700000017800C,42.176105,2.488611,442.8711
pinetacynp,42.646915,0.15534799,1220.2148
martret,42.681446,2.7850244,73.24219
37MP,42.655552,0.9277778,1740.7227
ESCAT0800000008912A,41.445827,2.2475002,30.273438
ESIBA0700000207849A,39.02722,1.5663888,88.86719
ESPVA0300000003829A,38.766663,-0.41666695,365.23438
34MP,42.447224,1.2249999,1322.2656
42MP,42.55805,0.753333,1309.5703
informaticaj,39.746326,3.4316707,9.765625
ESCAT0800000008500A,41.958332,2.283333,499.51172
ESCAT4300000043364F,41.31833,0.9777779,915.03906
pladevent,41.2005,1.297085,49.316406
fogueres,41.7829,2.5242808,620.1172
bunyola1,39.65241,2.6874297,240.23438
ESCAT0800000008551B,41.84972,2.226389,606.4453
ESIBA0700000107250A,39.575,3.084167,129.88281
ESCAT0800000008552C,41.867775,2.2852776,625.0
ESCAT0800000008330A,41.495,2.3624997,40.039062
ESCAT4300000043362A,41.26055,0.938611,753.41797
ESCAT4300000043364A,41.28722,1.0975,878.41797
ESPVA4600000046400A,39.162495,-0.24472195,8.300781
ESIBA0700000107141B,39.631664,2.7277777,102.05078
ramgargon,41.72589,2.2744067,370.1172
ESIBA0700000107639A,39.363052,2.9494438,12.6953125
ESCAT0800000008014B,41.36944,2.1472216,55.17578
YA,42.440125,1.93482,1212.4023
fisicaaplicada,41.737335,1.8286601,237.30469
ESCAT0800000008785A,41.520832,1.7088888,288.57422
49MP,42.36028,1.4633329,689.4531
50MP,42.388058,0.73805594,842.28516
51MP,42.344437,1.9416668,1405.2734
52MP,42.137497,2.3586109,1277.3438
53MP,42.245,2.4516668,535.15625
55MP,42.621384,1.2502779,1071.7773
56MP,42.31527,2.3641665,954.10156
54MP,42.49639,1.2125,802.7344
calvia5,39.52451,2.509111,30.273438
04MP,42.811108,1.8916667,1160.1562
ESCAT1700000017474A,42.18805,3.0499995,9.765625
YB,42.188126,2.47097,433.10547
ESPVA4600000046870C,38.822227,-0.60722196,350.09766
ESCAT4300000043365A,41.207497,0.9647218,410.64453
ESCAT4300000043364B,41.312218,0.9875001,944.8242
ESCAT0800000008560A,42.00139,2.2902777,459.96094
YC,42.243877,0.96801984,508.30078
fibran,42.225796,2.2592535,740.2344
refugiestaon,42.587524,1.2108968,1257.8125
fap,41.58139,1.6208329,312.98828
caljando,41.51972,1.2927779,705.0781
canpepespinavell,42.37805,2.399167,1350.0977
osseja,42.416107,1.9808327,1247.5586
fontanera,42.45999,1.8399999,1799.8047
ermita,42.057213,3.133493,160.15625
meteofiguerola,42.132595,0.99625003,553.22266
ea3ads,42.36667,3.1525,3.90625
mbenazet,42.464996,1.9819436,1224.6094
planes,42.029808,0.11857198,340.8203
angel,41.883053,3.1272223,48.339844
santmarti,42.015118,2.5474973,814.9414
spares1964,42.217377,2.1643603,721.1914
rpedrerol,41.71819,2.0653226,729.98047
monistrolcalders,41.760555,2.0141668,446.77734
tilldrop,41.699924,2.1993575,314.45312
santpaucentelles,41.77513,2.241286,500.0
granauix,41.624744,2.0193813,689.9414
lestany,41.868298,2.1116326,870.1172
alosdebalaguer,41.913612,0.96222204,297.36328
alvaclleida,41.42472,1.0211112,578.125
mequinenza,41.29799,0.3014803,276.3672
casatofol,42.59555,1.0976458,1750.0
utopia66hd,42.694233,2.888181,39.0625
ajbanyoles,42.11913,2.7652123,169.4336
ajpalol,42.071938,2.7972217,151.85547
elsolanot,42.04081,2.5073073,945.3125
meteobescano,41.963097,2.7384925,103.515625
meteocanco,41.96829,2.6207356,166.5039
santsadurni,41.903606,2.3825,525.8789
valladonafruits,41.41479,0.38705346,168.94531
57MP,42.568893,1.2313892,904.78516
ESCAT4300000043003B,41.116108,1.2650001,29.296875
ESCAT0800000008519A,41.95138,2.325833,522.9492
ESCAT0800000008519B,41.95222,2.3266668,535.64453
ESCAT1700000017770B,42.223606,2.927222,73.24219
ESCAT1700000017455A,41.480503,2.5105,154.78516
ESCAT1700000017240F,41.4945,2.5336,129.88281
rocabruna,42.33813,2.45051,970.7031
santjoandespi,41.36679,2.057035,9.765625
meteoalp,42.37528,1.8886111,1158.2031
greixer,42.41271,1.8243262,1339.8438
xgallart,42.37805,2.399167,1350.0977
javier,42.366997,1.8592899,1160.1562
ecoserveis,41.764004,1.4821137,620.1172
YD,41.511345,0.85616994,283.20312
YF,41.02001,0.9347398,513.1836
ESPVA4600000046701B,38.97472,-0.18027799,23.925781
YG,42.51881,1.24244,954.10156
58MP,42.53083,1.0138888,2470.2148
ESCAT0800000008350C,41.584164,2.5466669,41.992188
ESCAT0800000008693A,42.00111,1.848056,613.28125
ESCAT0800000008860C,41.267506,1.9349997,61.523438
ESCAT0800000008980C,41.381107,2.0427783,59.08203
ESCAT0800000008770B,41.44166,1.7830558,197.7539
ESCAT0800000008505B,41.912224,2.1888893,584.47266
ESCAT1700000017400A,41.748886,2.560833,165.03906
ESCAT1700000017486A,42.280834,3.0708327,19.042969
ESCAT1700000017722A,42.369442,2.8305557,198.24219
ESCAT1700000017405A,41.868885,2.4155557,750.0
ESCAT4300000043413A,41.50333,1.1866668,779.78516
ESCAT4300000043120A,41.15472,1.2136109,70.80078
ESCAT4300000043144A,41.258602,1.2474998,205.07812
ESCAT0800000008035C,41.429996,2.1430557,169.92188
ESCAT0800000008242A,41.72722,1.8174998,237.79297
ESCAT0800000008739B,41.392498,1.7980558,230.46875
ESCAT0800000008810A,41.262215,1.7722218,47.851562
ESCAT1700000017856A,42.219997,2.5466669,375.0
ESCAT2500000025750A,41.786663,1.2949998,484.375
ESCAT1700000017300C,41.67833,2.7838888,30.273438
ESCAT4300000043480A,41.106384,1.1397219,42.48047
ESCAT2500000025280B,41.996662,1.5211108,669.9219
ESCAT0800000008393B,41.57444,2.526944,71.28906
ESCAT2500000025316A,41.785553,1.0186108,316.40625
ESCAT1700000017527A,42.475826,1.968333,1333.9844
ESCAT1700000017162A,41.962772,2.7374997,100.09766
ESCAT0800000008430D,41.602776,2.3111112,189.9414
ESCAT2500000025430A,41.544724,0.828056,254.88281
ESCAT0800000008224C,41.564163,1.9936106,321.77734
ESCAT2500000025654A,42.15222,0.94833297,520.9961
ESCAT2500000025287A,41.86583,1.606944,600.09766
ESCAT0800000008005A,41.405273,2.2066667,24.902344
ESCAT0800000008503A,41.97389,2.2380562,524.90234
ESCAT0800000008511C,42.03583,2.3674998,709.96094
ESCAT4300000043711A,41.278885,1.581389,165.03906
ESCAT4300000043720F,41.265835,1.5944439,140.13672
ESCAT0800000008211B,41.61861,2.093056,330.5664
ESCAT1700000017200C,41.916386,3.1663888,60.058594
ESCAT4300000043720D,41.281662,1.6141667,166.01562
ESCAT4300000043364D,41.278328,1.0025,762.20703
ESCAT1700000017401A,41.816948,2.515833,291.01562
ESCAT4300000043884A,41.22111,1.4402778,161.13281
ESCAT2500000025516A,42.27527,0.92805594,738.76953
ESCAT0800000008750C,41.410557,2.0225,63.964844
ESCAT0800000008214B,41.50305,2.1308327,120.11719
ESCAT0800000008224A,41.56667,2.0047224,299.3164
ESCAT1700000017490B,42.353607,3.1105554,65.42969
ESCAT2500000025600A,41.791943,0.812778,234.86328
ESCAT0800000008402A,41.599995,2.283056,189.9414
ESCAT0800000008786B,41.533054,1.6863891,339.35547
ESCAT0800000008191E,41.49055,2.0308328,129.88281
ESCAT1700000017535A,42.320274,2.1047215,1155.7617
ESCAT0800000008293C,41.562218,1.798333,409.66797
ESCAT0800000008188B,41.52611,2.308056,220.21484
ESCAT0800000008261A,41.913887,1.678611,519.53125
ESCAT0800000008208A,41.56277,2.1002777,209.96094
ESCAT4300000043540A,40.619446,0.5925,10.7421875
ESCAT0800000008695C,42.251663,1.8513888,797.85156
ESPVA1200000012500B,40.47,0.46805593,21.972656
ESCAT0800000008304B,41.553337,2.4511113,89.84375
ESARA2200000022540A,41.799995,0.41416693,254.88281
ESCAT4300000043204A,41.142498,1.1169437,92.77344
ESCAT1700000017001B,41.987217,2.8249996,75.68359
ESPVA0300000003710B,38.64527,0.039167,61.523438
ESPVA0300000003710A,38.663887,0.045832995,109.86328
ESPVA0300000003870A,38.704163,-0.41666695,600.09766
ESPVA0300000003660B,38.385277,-0.77,241.21094
ESPVA0300000003750A,38.790276,0.038889,54.6875
ESPVA0300000003400C,38.569443,-0.95527786,564.9414
ESPVA1200000012530A,39.888054,-0.084722,17.089844
ESPVA4600000046713A,38.94611,-0.16444398,26.367188
ESPVA4600000046850B,38.911663,-0.5469439,255.85938
ESPVA4600000046220C,39.336388,-0.47138894,69.82422
ESPVA4600000046837A,38.961384,-0.39972195,229.98047
ESPVA4600000046410A,39.213608,-0.313056,0.0
ESPVA4600000046022A,39.466385,-0.345556,24.902344
ESPVA0300000003801B,38.67583,-0.49861097,1355.957
ESPVA1200000012184A,40.261658,0.06861101,308.10547
ESPVA4600000046220B,39.366665,-0.45666692,67.87109
ESPVA0300000003181F,37.97722,-0.68416697,15.136719
ESIBA0700000107310B,39.775272,2.965556,128.41797
ESIBA0700000107500C,39.561108,3.2083328,103.02734
ESIBA0700000107141F,39.616947,2.774167,180.17578
ESIBA0700000107440A,39.796944,3.1049998,13.671875
ESPVA0300000003560B,38.431107,-0.39638895,44.921875
ESIBA0700000107340C,39.732494,2.7936108,825.6836
ESPVA4600000046820A,39.02222,-0.644722,220.21484
ESPVA0300000003780B,38.846107,-0.110278,55.17578
ESPVA4600000046894A,38.98583,-0.47083297,145.50781
ESARA4400000044559A,40.64833,-0.529722,1150.8789
ESPVA0300000003725B,38.741116,0.09666699,205.07812
ESPVA0300000003204A,38.256664,-0.70527786,82.03125
ESPVA1200000012600A,39.82583,-0.23222199,134.76562
ESPVA0300000003727A,38.73833,0.0,191.89453
ESCAT1700000017001A,41.98638,2.8138888,88.37891
ESPVA4600000046816B,39.003887,-0.56527793,120.11719
ESCAT4300000043890B,40.96916,0.891111,9.765625
ESPVA0300000003440B,38.60055,-0.599444,715.8203
ESCAT0800000008003F,41.385555,2.195556,20.996094
ESCAT4300000043830A,41.141384,1.4016668,0.9765625
ESCAT0800000008105B,41.518887,2.238333,125.0
ESCAT0800000008110D,41.48194,2.1869438,40.527344
ESCAT0800000008800F,41.221107,1.7219439,32.714844
ESCAT4300000043764A,41.175278,1.326111,54.6875
ESPVA4600000046119A,39.66333,-0.43166697,264.64844
ESCAT1700000017700A,42.423332,2.8711112,111.328125
ESIBA0700000107250B,39.717396,2.5880537,89.84375
ESCAT1700000017811A,42.157776,2.5099995,560.0586
ESCAT0800000008023C,41.421665,2.1199996,512.20703
ESCAT4300000043202B,41.15611,1.0991669,146.97266
ESCAT0800000008180E,41.812775,2.091111,734.375
ESCAT1700000017534C,42.348885,2.1613884,1241.2109
ESCAT1700000017489C,42.336662,3.2038884,16.113281
ESCAT0800000008469A,41.75444,2.3999999,435.0586
ESCAT0800000008275A,41.760273,2.0125,464.35547
ESCAT0800000008298A,41.64028,1.7908332,305.17578
ESCAT0800000008614A,42.05222,1.7727778,802.2461
ESCAT0800000008519D,41.94055,2.3175,544.9219
ESCAT0800000008310B,41.558884,2.3925,126.953125
ESCAT1700000017240G,41.83139,2.874722,120.60547
ESCAT4300000043330E,41.151665,1.0605557,146.97266
ESCAT2500000025341B,41.56055,1.1161112,462.89062
ESCAT1700000017539C,42.420273,1.882222,1129.3945
ESCAT1700000017490D,42.370556,3.151389,16.113281
ESCAT0800000008328E,41.4925,2.291389,279.78516
ESCAT0800000008328F,41.4925,2.2913888,290.52734
ESCAT0800000008269A,41.846664,1.7194444,319.33594
ESCAT1700000017457B,41.904446,2.7830553,137.20703
ESCAT1700000017178C,42.152493,2.4019444,470.70312
ESCAT4300000043427A,41.51722,1.2913889,705.0781
ESCAT0800000008698A,42.150555,1.8555553,575.1953
ESPVA4600000046728A,38.964172,-0.23222199,87.890625
ESPVA0300000003730E,38.789165,0.163056,12.207031
ESPVA0300000003730G,38.77111,0.15694399,20.507812
ESCAT1700000017723A,42.331337,2.8570797,99.609375
ESCAT0800000008588A,42.096664,2.1952775,636.71875
ESCAT0800000008017D,41.425552,2.0997217,320.3125
ESCAT0800000008020A,41.42361,2.2033336,29.296875
ESCAT0800000008736A,41.430553,1.5886109,549.8047
ESCAT0800000008230E,41.641106,2.0180554,1112.3047
ESCAT0800000008430G,41.582775,2.3286104,202.14844
ESPVA0300000003730H,38.761948,0.142222,49.316406
ESPVA4600000046661A,39.061108,-0.4508329,50.29297
ESPVA0300000003804B,38.69861,-0.47194394,560.0586
ESPVA0300000003801D,38.696663,-0.47222203,580.0781
ESCAT4300000043839A,41.16028,1.451389,0.9765625
ESPVA4600000046250A,39.194996,-0.506944,39.55078
YN,42.696598,0.80210996,1026.8555
ESCAT0800000008320D,41.484997,2.3322217,10.253906
ESPVA0300000003111B,38.475273,-0.44499996,185.0586
YQ,41.319256,2.137,7.3242188
ESCAT4300000043850C,41.05639,1.034167,11.71875
ESCAT0800000008870B,41.236664,1.8216668,18.066406
ESCAT0800000008018A,41.406666,2.1874998,35.64453
YR,41.23575,1.7314799,30.761719
ESPVA4600000046680B,39.18861,-0.436667,17.089844
ESPVA4600000046711A,38.95833,-0.12416699,2.9296875
ESPVA4600000046500A,39.67889,-0.27361098,70.3125
ESCAT1700000017100A,41.94,3.04,28.320312
ESCAT0800000008980D,41.375,2.016667,25.878906
ESARA4400000044394A,40.695827,-1.3458328,959.96094
ESCAT2500000025515A,42.47361,0.990833,1424.3164
ESCAT0800000008195B,41.46944,2.041667,109.86328
